book_id,book_title,book_author,book_puplisher
13,You don't now javaScript,Mohamed,USA
14,1,Mohamed,USA
15,You don't now javaScript,Mohamed,USA
16,You don't now javaScript,Mohamed,USA
17,You don't now javaScript,Mohamed,USA
18,You don't now javaScript,Mohamed,USA
19,You don't now javaScript,Mohamed,USA
20,You don't now javaScript,Mohamed,USA
21,You don't now javaScript,Mohamed,USA
22,You don't now javaScript,Mohamed,USA
23,You don't now javaScript,Mohamed,USA
24,You don't now javaScript,Mohamed,USA
25,You don't now javaScript,Mohamed,USA
26,You don't now javaScript,Mohamed,USA
27,You don't now javaScript,Mohamed,USA